"title","website","username","password","notes"
"Thescore","https://thescore.com","patrick_duchesneau_1@hotmail.com","Music!123",""
"www.fitnesssyncer.com","https://www.fitnesssyncer.com/sign-up","patrick_duchesneau_1@hotmail.com","-ihlTr52*E?h8H*B!a2r",""
"novelden.com","https://novelden.com/registration","patrick_duchesneau_1@hotmail.com","P.cequ9TGf2qb4g",""
"cn360.csod.com","https://cn360.csod.com/ats/careersite/login.aspx","patrick_duchesneau_1@hotmail.com","s#eR_zevit?i&owR5Hl!",""
"build.accounts.ondemand.com","https://build.accounts.ondemand.com/ui/public/showRegisterForm","patrick_duchesneau_1@hotmail.com","Music!123",""
"www.doodly.com","https://www.doodly.com","patrick_duchesneau_1@hotmail.com","Music!123",""
"idmsa.apple.com","https://idmsa.apple.com/IDMSWebAuth/login","bookiji_main@hotmail.com","Bookiji!123",""
"Hrblockonline","https://2024.hrblockonline.ca","patrick_duchesneau_1@hotmail.com","P69f9goS+lgURLSlhIQe",""
"Lichess","https://Lichess.com","anonymous19670705","Music!123",""
"www.ilok.com","https://www.ilok.com","patrick_duchesneau_1@hotmail.com","Music!123",""
"bonjour-sante.ca","https://bonjour-sante.ca/uno/login/enroutegarecentrale","patrick_duchesneau_1@hotmail.com","Music!123",""
"jobs.eagleonline.com","https://jobs.eagleonline.com/wp-login.php","patrick_duchesneau_1@hotmail.com","pHAWicudEwr4C6wUKi0!",""
"idp.domtar.com","https://idp.domtar.com/my.policy","duchesneaup","Taratata!5",""
"B2clogin","https://mozaikb2c.b2clogin.com/mozaikb2c.onmicrosoft.com/B2C_1_Legacy_SignInOrUpFr/oauth2/v2.0/authorize","pilotmontreal@gmail.com","Music!123",""
"www.thetileapp.com","https://www.thetileapp.com/","patrick_duchesneau_1@hotmail.com","cecx9$flr4+jUdt&lu3","Optional login note field"
"signin.ebay.ca","https://signin.ebay.ca/ws/eBayISAPI.dll","patrickd112","Puxufah=7roV",""
"accounts.google.com","https://accounts.google.com/signin/v2/challenge/pwd","pilotmontreal@gmail.com","Music!12321",""
"login.live.com","https://login.live.com/login.srf","sarah.elsa.fortier@hotmail.com","SarahElsa!123",""
"Subway","https://id.subway.com","patrick_duchesneau_1@hotmail.com","Music!123",""
"www.bestbuyrewardzone.ca","https://www.bestbuyrewardzone.ca/en/login.jspx","1244083312189","music123",""
"from.bookit.com","https://from.bookit.com/review.php","Patrick_duchesneau_1@hotmail.com","music123",""
"accounts.google.com","https://accounts.google.com/signin/v2/challenge/pwd","sarah.elsa.fortier@gmail.com","SarahElsa!123",""
"accescitoyen.longueuil.quebec","https://accescitoyen.longueuil.quebec/auth/connect/authorize/callback","patrick_duchesneau_1@hotmail.com","p r i $ r I C A b 3",""
"Nike","https://accounts.nike.com","patrick_duchesneau_1@hotmail.com","Music!123",""
"Bmo","https://www1.bmo.com/banking/digital/accounts","5273 3500 0111 1168","KecIyo1Ep!huBAn2priP",""
"cms-sgj.cra-arc.gc.ca","https://cms-sgj.cra-arc.gc.ca/gol-ged/awsc/cms/registration/start","patrickd123","Music123",""
"www.walmart.ca","https://www.walmart.ca/sign-in","Patrick_duchesneau_1@hotmail.com","Music!123",""
"Icloud","https://www.icloud.com","patrick_duchesneau_1@hotmail.com","St1!Sugar",""
"Tipranks","https://tipranks.com","patrick_duchesneau_1@hotmail.com","Music!123",""
"BMO Cie","https://www1.bmo.com/onlinebanking/cgi-bin/netbnx/NBmain","5273350001111168","KecIyo1Ep!huBAn2priP",""
"workspace.iata.org","https://workspace.iata.org/vpn/index.html","duchesneap@iata.org","Taratata!3",""
"www.antarestech.com","https://www.antarestech.com/my-account/","patrick_duchesneau_1@hotmail.com","Music!123",""
"www.scene.ca","https://www.scene.ca/en-ca/enrollment","5707916415","8*chiSWl5ha5",""
"jobs.procomservices.com","https://jobs.procomservices.com/app/Profile","patrick_duchesneau_1@hotmail.com","patrick_duchesneau_1147152",""
"Nutritionix","https://developer.nutritionix.com/session","patrick_duchesneau_1@hotmail.com","Music!123",""
"srv136.services.gc.ca","https://srv136.services.gc.ca/ECAS-SECA/RASCL/SCL/Authentication.aspx","1967","7072",""
"Ready2race","https://ready2race.run/auth","patrick_duchesneau_1@hotmail.com","Music!123",""
"en.wikipedia.org","https://en.wikipedia.org/wiki/Special:ChangeCredentials/MediaWiki%5CAuth%5CPasswordAuthenticationRequest","patrickd123","4_mo-#TlwRlNi6w+_ruT",""
"www.clinics.runningroom.com","https://www.clinics.runningroom.com/login/start.php","patrick_duchesneau_1@hotmail.com","Music!123",""
"Nhl","https://nhl.com","patrick_duchesneau_1@hotmail.com","Music!123",""
"login.yahoo.com","https://login.yahoo.com/account/challenge/password","patrickd123","Q3y657$huP3$?EBuyAsE",""
"app.buildfire.com","https://app.buildfire.com","patrick_duchesneau_1@hotmail.com","brU!?AwrUS-rL=+ebr8M",""
"reg.usps.com AutoChange Backup 9/25/2021/7:59:9","https://reg.usps.com/entreg/RegistrationAction_input","Patrickd123","f!it4@MIgOthAtRe#peg",""
"www.stryd.com","https://www.stryd.com/reset/password/send","patrick_duchesneau_1@hotmail.com","tl-5F&Th&q72oZ=P5Lpu",""
"Athletica","https://app.athletica.ai/athlete","patrick_duchesneau_1@hotmail.com","Music!123",""
"Zendesk","https://flightsimulator.zendesk.com/auth/v2/login/signin","patrick_duchesneau_1@hotmail.com","Music!123",""
"Chess","https://www.chess.com/","anonymous19670705","7r8dr*S-ls=eDOdek2?a",""
"Disney ","https://www.Disney.com","isabelle_fort10@hotmail.com","Isatrick!123",""
"cae.wd3.myworkdayjobs.com","https://cae.wd3.myworkdayjobs.com/en-US/career/job/Montreal-St-Laurent/Gestionnaire-de-projet-Project-Manager_58857/apply","patrick_duchesneau_1@hotmail.com","Music!123",""
"www.paypal.com","https://www.paypal.com/cgibin/webscr","patrick_duchesneau_1@hotmail.com","Music!12321",""
"www.arturia.com","https://www.arturia.com/login","patrick_duchesneau_1@hotmail.com","Music!123",""
"bookit.com","https://bookit.com/","Patrick_duchesneau_1@hotmail.com","music123",""
"bandhug.com","https://bandhug.com/login","patrick_duchesneau_1@hotmail.com","Bus?aguda0ajiXedRehu",""
"www.reddit.com AutoChange Backup 9/25/2021/7:50:0","https://www.reddit.com/login/","patrickd123","@u75edru$L9Ub@8iqOx8",""
"login.computershare.com","https://login.computershare.com/identity/run/Activation","patrickd123","Music123",""
"m.uber.com","https://m.uber.com/looking","514-826-9542","Cay+TH?q+v3nIzOfrETi",""
"Microsoftonline","https://login.microsoftonline.com/36da45f1-dd2c-4d1f-af13-5abe46b99921/saml2/","pduchesneau@deloitte.ca","Taratata!uuu",""
"careers.investpsp.com","https://careers.investpsp.com/res_register.html","patrick_duchesneau_1@hotmail.com","Music!123",""
"Starbucks","https://app.starbucks.ca/account/cards/add","patrick_duchesneau_1@hotmail.com","Music!123",""
"Amazon","https://us-east-2.signin.aws.amazon.com/oauth","patrick_duchesneau_1@hotmail.com","Taratata!12321",""
"https://mailersend.com","https://mailersend.com","patrick_duchesneau_1@hotmail.com","Taratata!12321",""
"Toontrack","https://www.toontrack.com/product/ezdrummer-3/","patrick_duchesneau_1@hotmail.com","Music!123",""
"Lapresse","https://www.lapresse.ca/sports/hockey/2024-09-23/rondelle-libre/une-douzaine-de-joueurs-a-suivre-en-matchs-preparatoires.php","patrick_duchesneau_1@hotmail.com","Music!123",""
"www.instagram.com","https://www.instagram.com/accounts/emailsignup/","bookiji123","Bookiji!123",""
"www.akaipro.com","https://www.akaipro.com/customer/account/index/","patrick_duchesneau_1@hotmail.com","Music!123",""
"experience-client.justrun.events","http://experience-client.justrun.events/en/register/hBx7eSL4dCe8TkEKXnN6","pilotmontreal@gmail.com","wrat-76R68reti=-raqe",""
"Signin","https://us-east-1.signin.aws/platform/mfa/register","patrick_duchesneau_1@hotmail.com","Taratata!12321",""
"www13.bmo.com","https://www13.bmo.com/onlinebanking/OLB/tra","5273 3500 0111 1168","KecIyo1Ep!huBAn2priP",""
"Amazon","https://www.amazon.ca/ap/accountfixup","patrick_duchesneau_1@hotmail.com","Music!123",""
"www.rockmyrun.com","https://www.rockmyrun.com/passwordreset/","patrick_duchesneau_1@hotmail.com","qit4oflzLphu&ere!a7i",""
"www.runtastic.com","https://www.runtastic.com/","patrick_duchesneau_1@hotmail.com","-wOV2yl9waFo",""
"reg.usps.com AutoChange Backup 1/9/2021/21:22:58","https://reg.usps.com/entreg/RegistrationAction_input","Patrickd123","Music123",""
"carrieres.hema-quebec.qc.ca","https://carrieres.hema-quebec.qc.ca/TGnewUI/Search/Home/Home","patrick_duchesneau_1@hotmail.com","Taratata123!",""
"www.paypal.com","https://www.paypal.com/signin","sarah.elsa.fortier@gmail.com","!l1RLbRe?R0S",""
"Calm","https://www.calm.com/app","patrick_duchesneau_1@hotmail.com","Music!123",""
"connect.garmin.com","https://connect.garmin.com/modern/","patrick_duchesneau_1@hotmail.com","Music!123",""
"Mealsy","https://onlineordering.mealsy.ca","patrick_duchesneau_1@hotmail.com","Music!123",""
"Trainingpeaks","https://home.trainingpeaks.com","patrick_duchesneau_1@hotmail.com","c=Ebez_63ayltHIS&eKu",""
"trello.com","https://trello.com/login","patrick_duchesneau_1@hotmail.com","+95f$fr6chI1h-7h$=um",""
"authentication.td.com","https://authentication.td.com/uap-ui/index.html","4724090610636415","Isabelle!12345",""
"Bmo sd","https://","Pduchesneau@deloitte.ca","Music!12345","


"
"Cineplex ","https://","patrick_duchesneau_1@hotmail.com","Music!123",""
"Spec-billets","https://achat.spec-billets.ca","patrick_duchesneau_1@hotmail.com","Koy-W7&ris6eyiHIRIpR",""
"www.qtrade.ca","https://www.qtrade.ca/en/investor/apply.html","patrick_duchesneau_1@hotmail.com","jAzus2oS9=","Optional login note field"
"id.desjardins.com","https://id.desjardins.com/login","25475749","frlsw7cr3$ri_Lce&l6t",""
"auth.vatsim.net","https://auth.vatsim.net/login","1020183","sjCCwUFMcq7Z",""
"twitter.com","https://twitter.com/","Bookiji1","Bookiji!123",""
"businessstore.microsoft.com","https://businessstore.microsoft.com/en-ca/create-account/signup","patrickd123","Music!123",""
"library.avsim.net","https://library.avsim.net/register.php","patrickd123","vu1ago3regAP!&He7rA$",""
"idp.pmi.org","https://idp.pmi.org/Account/Login","patrickd123","vpny9w#$Ua$#y67",""
"Financeit","https://financeit.ca","patrick_duchesneau_1@hotmail.com","Music!123",""
"Supabase","https://supabase.com/dashboard/project/lzgynywojluwdccqkeop/auth/smtp","MS_0hxbtC@bookiji.com","mssp.sLKhPTo.vywj2lp077147oqz.k9nsVITmssp.sLKhPTo.vywj2lp077147oqz.k9nsVIT",""
"mazonecec.com","https://mazonecec.com/","Patrickd123","cH2ZADuNUt3s+#iyudri",""
"Spotify","https://open.spotify.com/playlist/37i9dQZF1DX3ohNxI5tB79","patrick_duchesneau_1@hotmail.com","Music!123",""
"Smashrun","https://secure.smashrun.com","patrick_duchesneau_1@hotmail.com","Music!123",""
"www.aerosoft.com","https://www.aerosoft.com/en/account/resetPassword/hash/VR1RDhNjsLdwbFZf6kO6tCsL4rpi7NqC","patrick_duchesneau_1@hotmail.com","*!pe=aDrEcr7",""
"Spotify","https://accounts.spotify.com","patrick_duchesneau_1@hotmail.com","",""
"id.asics.com","https://id.asics.com/login","patrick_duchesneau_1@hotmail.com","Music!123",""
"Runreg","https://runreg.com","patrick_duchesneau_1@hotmail.com","Music!123",""
"Deloitte","https://businesschemistry.deloitte.com/Login/Index","pduchesneau","Taratata!ggg",""
"cajobs-nuance.icims.com","https://cajobs-nuance.icims.com/jobs/39982/gestionnaire-de-projet---principal---technical-project-manager/candidate","patrick_duchesneau_1@hotmail.com","YuJ@xa@iBIf=L@l$r4cE",""
"secure.indeed.com","https://secure.indeed.com/account/login","patrick_duchesneau_1@hotmail.com","-RutAfro6_6r#br#-iJI",""
"www.services.mrq.gouv.qc.ca","https://www.services.mrq.gouv.qc.ca/web7aexterne/T1/UT/AUTHLM/IdentificationUtilisateur.aspx","EF55DL3","Music123",""
"corporate.dnet.domtar","http://corporate.dnet.domtar/","Duchesneaup","Taratata!6",""
"arrangr.com","https://arrangr.com/sign_up","patrick_duchesneau_1@hotmail.com","jlD!lRoW-6WoCrAM=PlD",""
"Petro-canada","https://petro-canada.ca","patrick_duchesneau_1@hotmail.com","Music!123",""
"www.demarque.com","https://www.demarque.com/ressources-numeriques/portail-de-connexion","patrickd123","Isatrick!123",""
"www.izotope.com","https://www.izotope.com/en/account/login","patrick_duchesneau_1@hotmail.com","_aqiT#e+popI2*lR63+k",""
"Chess","https://www.chess.com/settings/notifications","patrickd12345678","xlproWr&T_!N0xlf6e0u",""
"www.waves.com","https://www.waves.com/cart","pilotmontreal@gmail.com","XAyo9hA&lc&b",""
"Norton","https://login.norton.com","patrick_duchesneau_1@hotmail.com ","Taratata!12321",""
"auth.services.adobe.com","https://auth.services.adobe.com/en_US/deeplink.html","patrick_duchesneau_1@hotmail.com","Music!123",""
"iforgot.apple.com","https://iforgot.apple.com/unenrollment","patrick_duchesneau_1@hotmail.com","Music!1234",""
"Openai","https://auth.openai.com/log-in/password","patrick_duchesneau_1@hotmail.com","Music!123",""
"www.iga.net","https://www.iga.net/en/my_account/login","Patrick_duchesneau_1@hotmail.com","0he9ine+aswU",""
"reg.usps.com","https://reg.usps.com/entreg/RegistrationAction_input","Patrickd123","3AtH!+7OZld+O8AJ+sw+",""
"www.evernote.com","https://www.evernote.com/Login.action","patrick_duchesneau_1@hotmail.com","XUd324Wub5irlVAji$ob",""
"Qub","https://connect.qub.ca","patrick_duchesneau_1@hotmail.com","Music!123",""
"Pikkado","https://pikkado.com","patrick_duchesneau_1@hotmail.com","Music!123",""
"Canadapost-postescanada","https://sso-osu.canadapost-postescanada.ca/lfe-cap/fr/ouvertur-session","monpapajacques","Isabelle!123",""
"participant.24htremblant.com","https://participant.24htremblant.com/fr/user/login","pduchesneau@deloitte.ca","mUSIC!123",""
"Onair","https://www.onair.company/downloads/","patrick_duchesneau_1@hotmail.com","Music!123",""
"www.netmaths.net","https://www.netmaths.net/Join","duchesneaum@hotmail.ca","soccer11",""
"Godaddy","https://sso.godaddy.com/login/tac","patrick_duchesneau_1@hotmail.com_1","Music!123",""
"Amazon","https://signin.aws.amazon.com/signin","patrick_duchesneau_1@hotmail.com","Taratata!12321",""
"Abacus","https://abacus.ai","patrick_duchesneau_1@hotmail.com","Music!123",""
"membership.pmi.org","https://membership.pmi.org/account","patrickd123","vpny9w#$Ua$#y67",""
"exo.quebec","https://exo.quebec/fr","patrick_duchesneau_1@hotmail.com","fljA?rUtabot7s",""
"Trainingpeaks","https://home.trainingpeaks.com","patrick_duchesneau_1@hotmail.com","8+sp0cH#N4ql?",""
"accounts.bandlab.com","https://accounts.bandlab.com/login","patrickd123","Music!123",""
"Openai","https://auth.openai.com/create-account/password","+1 (514) 826-9542","Music!123",""
"Sunlife","https://www.sunnet.sunlife.com/signin/mysunlife/home.wca","pduchesneau@deloitte.ca","Isatrick!123",""
"Kia ","https://kiaconnect.ca","patrick_duchesneau_1@hotmail.com","Music!12321",""
"Zoom","https://zoom.us/wc/97749770619/join","pduchesneau@deloitte.ca","NXJvWURYNkFVdjdxeFFxTHp3dkpPZz09",""
"Github","https://github.com/session","patmac!12345","Taratata!12321",""
"signin.quicken.com","https://signin.quicken.com/signin","patrick_duchesneau_1@hotmail.com","Taratata!123",""
"order.st-hubert.com","https://order.st-hubert.com/login","patrick_duchesneau_1@hotmail.com","Music!123",""
"Ihealthlabs","https://oauthuser.ihealthlabs.eu","patrick_duchesneau_1@hotmail.com","Music!123",""
"Supabase","https://supabase.com/dashboard/project/lzgynywojluwdccqkeop","Bookiji","sTEri*@8at",""
"Marie Laurier ","https://portail.marielaurier.com","patrickd123","Music!12",""
"Ondemand","https://trials.cfapps.eu10-004.hana.ondemand.com/learning-journey","GE198843","ObM9jSK7sr1!",""
"account.tallyfy.com","https://account.tallyfy.com/register","patrick_duchesneau_1@hotmail.com","Music!123",""
"norton.ehosts.net","https://norton.ehosts.net/netagent/client/unified/mobilephone/naclient.aspx?LOGINNAME=Patrick+Duchesneau&PASSWORD=&QUEUE=2&SUBJECT=Following+up+on+previous+issue&EMAIL=patrick%5fduchesneau%5f1%40hotmail%2ecom&ENABLE_SEND_TRANSCRIPT=0&SENDCHATTRANSCRIPT=0&REFERER=https%3a%2f%2fsupport%2enorton%2ecom%2fsp%2fen%2fca%2fnorton%2didentity%2dsafe%2f2014%2e5%2e0%2e67%2fcontact%2dchat%2ddetails&ROUTEIDENT=english&PROACTIVEID=&SALESVALUE=&LEADTYPE=&ROUTETOAGENT=0&LangSelection=11&PUSHPAGELOCATION=0&CHATFRAMESIZE=275&UNIFIEDCLIENTTEMP=mobilephone&PORTALID=3DFE22A3%2d44AF%2d44CE%2d96F4%2dAA19323A9ECC&QUESTIONNAIREID=DA08D429%2d9A09%2d4431%2dBE92%2d95649596EC88&WEBCOLLABKEY=&COBROWSE_ENABLED=1&Last%5fName=Duchesneau&FONT%5fCHOICE=1&browserOS=iOS+14%2e3&familyid=f%2didentity%2dsafe&defaultStyleId=FF15F8DA%2d5604%2d496A%2d8C7B%2d1ED73AB2D330&Early%5fAdopter%5fProgram=0&Product%5fName=Norton+Identity+Safe&Product%5fVersion=2014%2e5%2e0%2e67&ct=ca&First%5fName=Patrick&pid=identity%2dsafe&lg=en&submitBtn=Start+Chat&Case%5fId=60372862&OriginalServiceLine=2","Ok wait ","",""
"Hydro","https://connexion.hydroquebec.com","patrick_duchesneau_1@hotmail.com","prU+8v*ph9&O!5i7hepe",""
"Coursera","https://www.coursera.org/specializations/generative-ai-for-software-developers","patrick_duchesneau_1@hotmail.com","Music!123",""
"Amazon","https://signin.aws.amazon.com/signin","Patrick_duchesneau_1@hotmail.com","Taratata!12321",""
"discord.com","https://discord.com/invite/obsproject/login","patrick_duchesneau_1@hotmail.com","yepa7l@rOca_",""
"www.cibconline.cibc.com","https://www.cibconline.cibc.com/ebm-resources/public/banking/cibc/client/web/index.html","4506449453482663","music123",""
"auth.uber.com","https://auth.uber.com/login/session","+1 514-826-9542","Cay+TH?q+v3nIzOfrETi",""
"www.safelogweb.com","https://www.safelogweb.com/Default.aspx","Patrick_duchesneau_1@hotmail.com","music123",""
"Jeancoutu","https://auth.sante.jeancoutu.com","patrick_duchesneau_1@hotmail.com","Music!12345",""
"meet264.webex.com","https://meet264.webex.com/webappng/sites/meet264/dashboard","pduchesneau@deloitte.ca","Qed2fePr-bLw",""
"wwwt.clicsequr.gouv.qc.ca","https://wwwt.clicsequr.gouv.qc.ca/sqag/auth/gestionCompte/page-bienvenue","patrickd12345","Music!123",""
"mtlreunion2020.can.chime.live","https://mtlreunion2020.can.chime.live/app/app.html","patrick_duchesneau_1@hotmail.com","WHdom33R",""
"Loseit","https://my.loseit.com/login","patrick_duchesneau_1@hotmail.com","Music!123",""
"www.musicnotes.com","https://www.musicnotes.com/checkout/signin","pilotmontreal@gmail.com","music123",""
"norton.ehosts.net","https://norton.ehosts.net/netagent/client/unified/mobilephone/naclient.aspx?LOGINNAME=Patrick+Duchesneau&PASSWORD=&QUEUE=2&SUBJECT=Following+up+on+previous+issue&EMAIL=patrick%5fduchesneau%5f1%40hotmail%2ecom&ENABLE_SEND_TRANSCRIPT=0&SENDCHATTRANSCRIPT=0&REFERER=https%3a%2f%2fsupport%2enorton%2ecom%2fsp%2fen%2fca%2fnorton%2didentity%2dsafe%2f2014%2e5%2e0%2e67%2fcontact%2dchat%2ddetails&ROUTEIDENT=english&PROACTIVEID=&SALESVALUE=&LEADTYPE=&ROUTETOAGENT=0&LangSelection=11&PUSHPAGELOCATION=0&CHATFRAMESIZE=275&UNIFIEDCLIENTTEMP=mobilephone&PORTALID=3DFE22A3%2d44AF%2d44CE%2d96F4%2dAA19323A9ECC&QUESTIONNAIREID=DA08D429%2d9A09%2d4431%2dBE92%2d95649596EC88&WEBCOLLABKEY=&COBROWSE_ENABLED=1&Last%5fName=Duchesneau&FONT%5fCHOICE=1&browserOS=iOS+14%2e3&familyid=f%2didentity%2dsafe&defaultStyleId=FF15F8DA%2d5604%2d496A%2d8C7B%2d1ED73AB2D330&Early%5fAdopter%5fProgram=0&Product%5fName=Norton+Identity+Safe&Product%5fVersion=2014%2e5%2e0%2e67&ct=ca&First%5fName=Patrick&pid=identity%2dsafe&lg=en&submitBtn=Start+Chat&Case%5fId=60372862&OriginalServiceLine=2","Patrick_duchesneau_1@hotmail.com","",""
"Salvatore","https://order.salvatore.com","patrick_duchesneau_1@hotmail.com","Music!123",""
"account.makemusic.com","https://account.makemusic.com/Account/Create/","patrick_duchesneau_1@hotmail.com","Music!123",""
"www.myfitnesspal.com","https://www.myfitnesspal.com/account/login","patrick_duchesneau_1@hotmail.com","$iMimIph*C3!",""
"users.wix.com","https://users.wix.com/signin","patrick_duchesneau_1@hotmail.com","c=t&BAv+9Rop",""
"Kfc","https://kfc.ca","patrick_duchesneau_1@hotmail.com","Music!123",""
"accounts.reddit.com","https://accounts.reddit.com/","patrickd123","Music!123",""
"sdg2.mastercard.com","https://sdg2.mastercard.com/sdng/user/myProfileRender.do","Patrick Duchesneau","music123",""
"1password","https://my.1password.com/signin","patrick_duchesneau_1@hotmail.com","Taratata!1232123",""
"Ready2race","http://mebeatme.ready2race.run/auth","patrick_duchesneau_1@hotmail.com","Music!123",""
"moncompte.videotron.com","https://moncompte.videotron.com","pilotmontreal@gmail.com","Isatrick!12345",""
"training peak","https://","patrick_duchesneau_1@hotmail.com","SUC&S#afIfR6++efrikl",""
"www.netflix.com","https://www.netflix.com/ca/Login","Patrick_duchesneau_1@hotmail.com","Isatrick!123",""
"ey.taleo.net","https://ey.taleo.net/careersection/iam/accessmanagement/login.jsf","patrick_duchesneau_1@hotmail.com","Wripr+TizEf3$@Lcl28K",""
"www.skinnymixes.ca","https://www.skinnymixes.ca/en/checkout/onepage/","patrick_duchesneau_1@hotmail.com","-r26-@7eSADR+dAf2ud=",""
"www.jobillico.com","https://www.jobillico.com/auth/forgot","patrick_duchesneau_1@hotmail.com","=0ezUmAb0haste#tef4*",""
"accounts.sap.com","https://accounts.sap.com/ui/protected/profilemanagement","S0022945054","Music!12345",""
"compustaff.myavionte.com","https://compustaff.myavionte.com/staff/custom_login.aspx","pduchesneau","Taratata!123",""
"permisenligne.longueuil.quebec","https://permisenligne.longueuil.quebec/Citoyen/Creer","514 826-9542","Taratata!1",""
"accounts.fitbit.com","https://accounts.fitbit.com/login","patrick_duchesneau_1@hotmail.com","Ma=HUBU_7e?l",""
"jedonne.hema-quebec.qc.ca","https://jedonne.hema-quebec.qc.ca/accueil","patrick_duchesneau_1@hotmail.com","Music!123",""
"www.clicsequrexpress.gouv.qc.ca","https://www.clicsequrexpress.gouv.qc.ca/CSX/G1/G1B/G1BA1_01A_PIU_AuthnEntrp_PC/IdentificationUtilisateurCSES.aspx","patrickd12345","Music!123",""
"www.musicnotes.com","https://www.musicnotes.com/password/reset","patrick_duchesneau_1@hotmail.com","music123",""
"www.steinberg.net","https://www.steinberg.net/index.php","patrick_duchesneau_1@hotmail.com","trofru$upUpr5phuged=",""
"X","https://X.com","patrickd123","cyjfog-Niqcip-hijpo5",""
"Trainas1","https://beta.trainasone.com","patrick_duchesneau_1@hotmail.com","Music!123",""
"www.ifit.com","https://www.ifit.com/dashboard","patrick_duchesneau_1@hotmail.com","Music!123",""
"Logi","https://id.logi.com/index.html","pduchesneau@deloitte.ca","Music!123",""
"brimfinancial.com","https://brimfinancial.com/webportal/Home","patrick_duchesneau_1@hotmail.com","Music!123",""
"idmsa.apple.com","https://idmsa.apple.com/appleauth/auth/authorize/signin","sarah.elsa.fortier@icloud.com","Patrick!123",""
"Athletica","https://app.athletica.ai/athlete","patrick_duchesneau_1@hotmail.com","Music!123",""
"am.ticketmaster.com","https://am.ticketmaster.com/canadiens/en/myevents","patrick_duchesneau_1@hotmail.com","Taratata!12321",""
"whats.todaysplan.com.au","https://whats.todaysplan.com.au/en/calendar","patrick_duchesneau_1@hotmail.com","sPOphLPrecHlm#=a=3?=",""
"account.samsung.com","https://account.samsung.com/accounts/v1/629087a92ff47eddfe28e4f7bcba3b63/signInGate","Patrick_duchesneau_1@hotmail.com","GA+-nOhO?uPruf6Wrap$",""
"wordpress.com AutoChange Backup 9/25/2021/7:52:58","https://wordpress.com/start/user","patrick_duchesneau_1@hotmail.com","wroglb_6WUf@d6YIPHur",""
"Lucid","https://lucid.app/","pduchesneau@deloitte.ca","Music!123",""
"account.docusign.com","https://account.docusign.com/username","patrick_duchesneau_1@hotmail.com","7T5Cr2$L=Asp#Yin5V_-",""
"app.krowdster.co","https://app.krowdster.co/plan/free","patrick_duchesneau_1@hotmail.com","frU5ekohu?T9Rlpe#-iC",""
"norton.ehosts.net","https://norton.ehosts.net/netagent/client/unified/mobilephone/naclient.aspx?LOGINNAME=Patrick+Duchesneau&PASSWORD=&QUEUE=2&SUBJECT=Following+up+on+previous+issue&EMAIL=patrick%5fduchesneau%5f1%40hotmail%2ecom&ENABLE_SEND_TRANSCRIPT=0&SENDCHATTRANSCRIPT=0&REFERER=https%3a%2f%2fsupport%2enorton%2ecom%2fsp%2fen%2fca%2fnorton%2didentity%2dsafe%2f2014%2e5%2e0%2e67%2fcontact%2dchat%2ddetails&ROUTEIDENT=english&PROACTIVEID=&SALESVALUE=&LEADTYPE=&ROUTETOAGENT=0&LangSelection=11&PUSHPAGELOCATION=0&CHATFRAMESIZE=275&UNIFIEDCLIENTTEMP=mobilephone&PORTALID=3DFE22A3%2d44AF%2d44CE%2d96F4%2dAA19323A9ECC&QUESTIONNAIREID=DA08D429%2d9A09%2d4431%2dBE92%2d95649596EC88&WEBCOLLABKEY=&COBROWSE_ENABLED=1&Last%5fName=Duchesneau&FONT%5fCHOICE=1&browserOS=iOS+14%2e3&familyid=f%2didentity%2dsafe&defaultStyleId=FF15F8DA%2d5604%2d496A%2d8C7B%2d1ED73AB2D330&Early%5fAdopter%5fProgram=0&Product%5fName=Norton+Identity+Safe&Product%5fVersion=2014%2e5%2e0%2e67&ct=ca&First%5fName=Patrick&pid=identity%2dsafe&lg=en&submitBtn=Start+Chat&Case%5fId=60372862&OriginalServiceLine=2","????","",""
"Starbucks","https://starbucks.com","patrick_duchesneau_1@hotmail.com","",""
"Logi","https://id.logi.com","patrick_duchesneau_1@hotmail.com","Music!123",""
"www.walmart.com","https://www.walmart.com/checkout/","patrick_duchesneau_1@hotmail.com","pRLbR8m!_UvihoFrI_a$",""
"identity.bmospenddynamics.com","https://identity.bmospenddynamics.com/login/securityquestion/rsa/register","pduchesneau@deloitte.ca","Taratata!22222",""
"August","https://auth.august.com","patrick_duchesneau_1@hotmail.com","Music!123",""
"meet264.webex.com","https://meet264.webex.com/webappng/sites/meet264/dashboard","patrick.duchesneau@cbsa-asfc.gc.ca","Music!123",""
"ifttt.com","https://ifttt.com/home","patrickd123","wR6s*JON$fos",""
"Mapmyride","https://www.mapmyride.com/dashboard","patrick_duchesneau_1@hotmail.com","Music!123",""
"www.active.com","https://www.active.com","patrick_duchesneau_1@hotmail.com","wX/=79T@Dr!b!h5",""
"Bmo","https://www12.bmo.com/onlinebanking/cgi-bin/netbnx/NBmain/GateKeeperSubmitSignOn","5273 3500 0111 1168","KecIyo1Ep!huBAn2priP",""
"Aimchess","https://aimchess.com/auth/registration","patrick_duchesneau_1@hotmail.com","mUSIC!123",""
"login.live.com","https://login.live.com/login.srf","bookijisnd@hotmail.com","Bookiji!123",""
"m.freelancer.com","https://m.freelancer.com/login","patrick_duchesneau_1@hotmail.com","riswEj_zajOTraXoC#3v",""
"Canada","https://pre0-ccp-pcc.cbsa-asfc.cloud-nuage.canada.ca/en/auth/devlogin","4000181006","Cbsa12341234",""
"recrutement.carrieres.gouv.qc.ca","https://recrutement.carrieres.gouv.qc.ca/","patrickd123","b+3XodRer?koMERuc3lz",""
"auth.services.adobe.com","https://auth.services.adobe.com/en_US/index.html","pa","Music123456",""
"www.yumm.ca","https://www.yumm.ca/en/pricing","patrick_duchesneau_1@hotmail.com","s2_@7-tRucRA",""
"www.kvraudio.com","https://www.kvraudio.com/forum/ucp.php","patrickd123","xypsom-comjyz-kisjA2",""
"ww4.fltplan.com","https://ww4.fltplan.com/","patrickd","_-dL1RUw!l8H",""
"account.samsung.com","https://account.samsung.com/accounts/v1/629087a92ff47eddfe28e4f7bcba3b63/signInGate","patrick_duchesneau_1@hotmail.com","7T5Cr2$L=Asp#Yin5V_-",""
"www.fundscrip.com","https://www.fundscrip.com/connexion","isabelle_fort10@hotmail.com","isatricK71",""
"Iparkme","https://iparkme.com","patrick_duchesneau_1@hotmail.com","Music!123",""
"store.steampowered.com","https://store.steampowered.com/login/","patrickd123","Qir0gIH3+i",""
"secure.zwift.com","https://secure.zwift.com/auth/realms/zwift/login-actions/authenticate","patrick_duchesneau_1@hotmail.com","Y4BEjEHifuZ+y3StLbRe",""
"app.jobvite.com","https://app.jobvite.com/js/jobseeker/applications.html","patrick_duchesneau_1@hotmail.com","Zu0ro_l6=?t8",""
"login.live.com","https://login.live.com","patrick_duchesneau_1@hotmail.com","p4B+akamitHimlbridra",""
"cert.vatsim.net","https://cert.vatsim.net/sso/auth/login/","1020183","sjCCwUFMcq7Z",""
"Successfactors","https://career4.successfactors.com/portalcareer","pilotmontreal@gmail.com","Music!123",""
"accounts.google.com","https://accounts.google.com/signin/v2/challenge/pwd","isabelle_fort10@hotmail.com","isatricK71",""
"login.microsoftonline.com","https://login.microsoftonline.com/common/oauth2/authorize","sarah06@marielaurier.online","Elsa!123",""
"Cineplex","https://connect.cineplex.com","patrick_duchesneau_1@hotmail.com","Music!123",""
"login.live.com","https://login.live.com/","pilotmontreal@gmail.com","C0aboS&@ZijuBlfr@w*#",""
"www.toolbox.com","https://www.toolbox.com/sign-up","patrick_duchesneau_1@hotmail.com","CsLvYvlEphGHYLxwn)B76J!l",""
"sphere.presonus.com","https://sphere.presonus.com","patrick_duchesneau_1@hotmail.com","Music!123",""
"Fizz","https://zone.fizz.ca/dce/customer-ui-prod/account/overview","patrick_duchesneau_1@hotmail.com","Isatrick!12321",""
"Openai","https://chat.openai.com","patrick_duchesneau_1@hotmail.com","Music!123",""
"idmsa.apple.com","https://idmsa.apple.com/appleauth/auth/signin","patrick_duchesneau_1@hotmail.com","Taratata!1232123",""
"Dominos","https://dominos.ca","patrick_duchesneau_1@hotmail.com","",""
"entrainement.energiecardio.com","https://entrainement.energiecardio.com/","pilotmontreal@gmail.com","a659b2d88de60b4cd86fdd9ffcbd60ea7c151535",""
"accounts.google.com","https://accounts.google.com/signin/v2/challenge/pwd","monpapajacques@gmail.com","Isabelle!123",""
"ici.tou.tv","https://ici.tou.tv/abonnement/extra","patrick_duchesneau_1@hotmail.com","Isatrick!123",""
"ordering.poswebmenu.com","https://ordering.poswebmenu.com/6d23b630-2be4-11e5-83b8-0401095f1801","Patrick_duchesneau_1@hotmail.com","music123",""
"secure-email.cibc.com","https://secure-email.cibc.com/securereader/inbox.jsf","patrick_duchesneau_1@hotmail.com","Music!123",""
"peoplesoft.ca.deloitte.com","https://peoplesoft.ca.deloitte.com/psp/HRPRD1/EMPLOYEE/HRMS/c/ROLE_EMPLOYEE.PY_IC_PAY_INQ.GBL","pduchesneau","Taratata!qqq",""
"Moiid","https://auth.moiid.ca/tfp/381a7005-a86e-489e-b122-a8d3e8e17f39/b2c_1a_susi/oauth2/v2.0/authorize","patrick_duchesneau_1@hotmail.com","Music!12345",""
"accounts.pcid.ca","https://accounts.pcid.ca/login","patrick_duchesneau_1@hotmail.com","r&cH0vutlt_ahlci_3ap",""
"Flexiti","https://my.flexiti.com","Isatrick","Isatrick-123",""
"www.airmiles.ca","https://www.airmiles.ca","80006533859","0795",""
"Hp","https://login3.id.hp.com","patrick_duchesneau_1@hotmail.com","Music!123",""
"shop.usa.yamaha.com","https://shop.usa.yamaha.com/en/customer/account/login/referer/aHR0cHM6Ly9zaG9wLnVzYS55YW1haGEuY29tL2VuL2N1c3RvbWVyL2FjY291bnQvaW5kZXgv/","pilotmontreal@gmail.com","Music!123",""
"Microsoftonline","https://login.microsoftonline.com/common/login","pduchesneau@dttrndlabs.com","Taratata!12321",""
"cms-sgj.cra-arc.gc.ca","https://cms-sgj.cra-arc.gc.ca/gol-ged/awsc/cms/registration/QAs","patrickd12345","Music123",""
"account.live.com","https://account.live.com/signup","sarah.elsa.fortier@hotmail.com","SarahElsa!123",""
"www.endomondo.com","https://www.endomondo.com/login","patrick_duchesneau_1@hotmail.com","@AZ+5uSizI_W",""
"dttsts.deloitteresources.com","https://dttsts.deloitteresources.com/adfs/ls/","pduchesneau@deloitte.ca","Taratata!fff",""
"www.sportstats.ca","https://www.sportstats.ca/login.xhtml","pilotmontreal@gmail.com","Music!123",""
"live.daviscup.com","https://live.daviscup.com/en/registration/registration_new.php","Patrick_duchesneau_1@hotmail.com","music123",""
"www.giftcards.ca","https://www.giftcards.ca/shoppingCart","patrick_duchesneau_1@hotmail.com","CEd-9QIW+hA646@@E_Ut",""
"www.lucidchart.com","https://www.lucidchart.com/users/registerLevel","patrick_duchesneau_1@hotmail.com","CHAdlBl?uy1WUKeha2rU",""
"Canadiantire","https://canadiantire.ca","patrick_duchesneau_1@hotmail.com","",""
"www.cage.ca","https://www.cage.ca/en/clubcage","Patrick_duchesneau_1@hotmail.com","music123",""
"www.sportstats.ca","https://www.sportstats.ca/dashboard/results.xhtml","patrick_duchesneau_1@hotmail.com","Music!123",""
"www.kickstarter.com","https://www.kickstarter.com/login","patrick_duchesneau_1@hotmail.com","thenextgreatproduct",""
"authentification.quebec.ca","https://authentification.quebec.ca/realms/sqin/login-actions/authenticate","patrickd123","@TunIs3uhI",""
"Sap","https://cdc-api.account.sap.com/saml/v2.0/3_8nyT5U5bgmcYd76h25LbEmWhqOWeM39-36YxT90-TFTHoCC5AWQbqzABxbwJMaxU/idp/sso/continue","pduchesneau@deloitte.ca","Music!12345",""
"www.orangetreesamples.com","https://www.orangetreesamples.com/login","patrick_duchesneau_1@hotmail.com","Music!123",""
"wordpress.com","https://wordpress.com/start/user","patrick_duchesneau_1@hotmail.com","sTuw8N!$AvI7&D*S7isW",""
"Rtrt","https://baby.rtrt.me","patrick_duchesneau_1@hotmail.com","Music!12345",""
"cbc.taleo.net","https://cbc.taleo.net/careersection/iam/accessmanagement/login.jsf","patrick_duchesneau_1@hotmail.com","Music!123",""
"app.hubspot.com","https://app.hubspot.com/login","patrick_duchesneau_1@hotmail.com","Music!12345",""
"app.simpletax.ca","https://app.simpletax.ca/2019/","patrick_duchesneau_1@hotmail.com","B78jA&L*eb9dLfaXorls",""
"Supabase","https://supabase.com/dashboard/project/scrmfcvmgafnkctbhmfu","patrickd12345's Project","*3ph5p!LP=-6YAs8s4Ec",""
"accounts.intuit.com","https://accounts.intuit.com/index.html","patrick_duchesneau_1@hotmail.com","C1uViDO#ur4Q3stu-WOc",""
"scratch.mit.edu","https://scratch.mit.edu/accounts/login/","patrickd12345678","j!FO8LFrep-ip_i+-X9f",""
"secure.nhllive.com","https://secure.nhllive.com/register","patrick_duchesneau_1@hotmail.com","qU8$I1ro!4Qe",""
"www.oracle.com","https://www.oracle.com/index.html","patrick_duchesneau_1@hotmail.com","jC!4@uZ$i@D65kn",""
"COVID-19 ","https://cv19quebec.ca","pilotmontreal@gmail.com","Music!123",""
"Siriusxm","https://care.siriusxm.ca","Pilotmontreal@gmail.com","Music!123",""
"www.pluginboutique.com","https://www.pluginboutique.com/users/login","patrick_duchesneau_1@hotmail.com","klrOxUxAs@?p712-s4$k",""
"tas-nestle.taleo.net","https://tas-nestle.taleo.net/careersection/iam/accessmanagement/login.jsf","patrickd123","Music!12345",""
"customsforge.com","https://customsforge.com/index.php","patrickd123","FOP0phEt0S5&",""
"mobile.addaero.com","https://mobile.addaero.com/","Patrickd123","music123",""
"onairhelp.zendesk.com","https://onairhelp.zendesk.com/auth/v2/login/signin","patrick_duchesneau_1@hotmail.com","Music!""123",""
"www.rent-acoder.com","https://www.rent-acoder.com/","patrick_duchesneau_1@hotmail.com","Music123",""
"Dialogue","https://auth.dialogue.co","Pduchesneau@deloitte.ca","Music!123",""
"www.loseit.com","https://www.loseit.com/account/","patrick_duchesneau_1@hotmail.com","=r&FReP2lmublk1muBri",""
"chronometer ","https://cronometer.com","patrick_duchesneau_1@hotmail.com","Music!123456",""
"Navigraph","https://navigraph.com","patrick_duchesneau_1@hotmail.com","hoCu3W3wabr9gOF67?hO",""
"www.pdffiller.com","https://www.pdffiller.com/en/login/signin","pilotmontreal@gmail.com","Music!123",""
"www.orangetreesamples.com","https://www.orangetreesamples.com/login","patrick_duchesneau_1@hotmail.com","Music!123",""
"Rds","https://rds.ca","patrick_duchesneau_1@hotmail.com","1h*S#us+8UciC2wa7U9i",""
"enroute.portail.medfarsolutions.com","https://enroute.portail.medfarsolutions.com/fr/sso","pilotmontreal@gmail.com","Music!123",""
"account.withings.com","https://account.withings.com/connectionwou/account_create","patrick_duchesneau_1@hotmail.com","_3pHiQechIt5",""
"raceroster.com","https://raceroster.com/","patrick_duchesneau_1@hotmail.com","Music!123",""
"desjardins.wd10.myworkdayjobs.com","https://desjardins.wd10.myworkdayjobs.com/en-US/Desjardins/job/Charg-ou-Charge-de-projets-TI_R2005200-1/apply/LinkedIn","patrick_duchesneau_1@hotmail.com","Music!123",""
"peoplesoft.ca.deloitte.com","https://peoplesoft.ca.deloitte.com/psp/HRPRD1/EMPLOYEE/HRMS/c/ROLE_EMPLOYEE.PY_IC_PAY_INQ.GBL","pduchesneau","Taratata!ccc",""
"Roku","https://my.roku.com","patrick_duchesneau_1@hotmail.com","Music!123",""
"appleid.apple.com","https://appleid.apple.com/widget/account/","bookiji_main@hotmail.com","Bookiji!123",""
"www.karaoke-version.com","https://www.karaoke-version.com/my/login.html","patrick_duchesneau_1@hotmail.com","Music!123",""
"Ubisoft","https://account.ubisoft.com","patrick_duchesneau_1@hotmail.com","Music!12321",""
"de.stocard.stocard","android://6N6AbJoYeu9xo1z6Ls3MbDenuZj9t5ULx4oXWQBZP9i1GwwPZFmOcB-K2mx8PiUr3vg30y3otwEGFFeOcFaMFg==@de.stocard.stocard/","pilotmontreal@gmail.com","",""
"Localhost","http://localhost/login","patrick_duchesneau_1@hotmail.com","Music!123",""
"services.celemony.com","https://services.celemony.com/cgi-bin/WebObjects/LicenseApp.woa/wa/LoginDA/login","patrick_duchesneau_1@hotmail.com","Music!123",""
"Localhost","http://localhost/auth","patrick_duchesneau_1@hotmail.com","Music!123",""
"Version Karaoke ","https://karaoke-version.com","patrick_duchesneau_1@hotmail.com","Music!123",""
"www.multiplayertrivia.com","https://www.multiplayertrivia.com/account/profile/","pduchesneau@deloitte.ca","Music!123",""
"Usual!123","https://","patrick_duchesneau_1@hotmail.com","Music!123",""
"cms-sgj.cra-arc.gc.ca","https://cms-sgj.cra-arc.gc.ca/gol-ged/awsc/cms/registration/QAs","patrickcirtap","Music12345",""
"home.trainingpeaks.com","https://home.trainingpeaks.com/signup","patrickd12345","brOb@5Spip8ku@&9ebro",""
"Yamaha","https://usa.yamaha.com","patrick_duchesneau_1@hotmail.com","Music!123",""
"www.cibconline.cibc.com","https://www.cibconline.cibc.com/ebm-resources/public/banking/cibc/client/web/index.html","4506448051081927","Mafalda123","Optional login note field"
"skiomusic.com","https://skiomusic.com/login","patrick_duchesneau_1@hotmail.com","Music!123",""
"en.wikipedia.org Sauvegarde de la modification automatique 6/3/2022/10:43:58","https://en.wikipedia.org/wiki/Special:ChangeCredentials/MediaWiki%5CAuth%5CPasswordAuthenticationRequest","patrickd123","S@xCdwyDBTYfG23",""
"www.ikmultimedia.com","https://www.ikmultimedia.com/privacy/check_and_update.php","patrickd123","Music!123",""
"accounts.google.com","https://accounts.google.com/signin/v2/sl/pwd","familleduchesneaufortier","Isatrick!123",""
"www.fieldglass.net","https://www.fieldglass.net/","patrickd123","Music!1234",""
"www.reasonstudios.com","https://www.reasonstudios.com/account/login","patrickd123","53l?&1bR3noBu3ReWrU&",""
"Deloitte","https://my.deloitte.com/us/en/index.html","pduchesneau","Taratata!mmm",""
"www.linkedin.com","https://www.linkedin.com/authwall","patrick_duchesneau_1@hotmail.com","Music!123","Optional login note field"
"www.clientconnections.com","https://www.clientconnections.com/Profile","patrick_duchesneau_1@hotmail.com","patrick_duchesneau_1147152",""
"wordpress.com Sauvegarde de la modification automatique 6/3/2022/10:48:1","https://wordpress.com/start/user","patrick_duchesneau_1@hotmail.com","pRis+lprlbrLcr=9eflc",""
"www.facebook.com","https://www.facebook.com/recover/initiate","Patrick_duchesneau_1@hotmail.com","Music!123",""
"Openweathermap","https://home.openweathermap.org/users/sign_in","patrick_duchesneau_1@hotmail.com","imstupid",""
"Apple","https://appleid.apple.com/auth/authorize","+1 (514) 826-9542","Music!12321",""
"www.bestbuy.ca","https://www.bestbuy.ca/profile/checkorderstatus.aspx","patrick_duchesneau_1@hotmail.com","Music!123",""
"mcdpromotion.ca","https://mcdpromotion.ca/en-ca/Register","Pilotmontreal@gmail.com","",""
"www.pmimontreal.org","https://www.pmimontreal.org/mon-calendrier","patrick_duchesneau_1@hotmail.com","qma37M5myZsqRWr",""
"www.kijiji.ca","https://www.kijiji.ca/t-login.html","patrick_duchesneau_1@hotmail.com","Music!123",""
"Zendesk","https://athleticainc.zendesk.com/auth/v2/login/email_verification","patrick_duchesneau_1@hotmail.com","Music!12345",""
"Brim","Brim","patrick_duchesneau_1@hotmail.com","Music!123",""
"Vercel","https://ready2race-web-debb-adx53tau5-patrick-duchesneaus-projects.vercel.app/auth","Patrick_duchesneau_1@hotmail.com","Music!123",""
"www.safelogweb.com","https://www.safelogweb.com/default.aspx","Patrick_duchesneau_1@hotmail.com","nBZM4uy2PVFGTCm",""
"Costco","https://","patrick_duchesneau_1@hotmail.com","Music!123",""
"Soundtrap","https://soundtrap.com","patrick_duchesneau_1@hotmail.com","Music!123",""
"iac.secureweb.inalco.com","https://iac.secureweb.inalco.com/eemwpnp1/public/login","pa.duchesneau@cgi.com","music123",""
"compustaff.myavionte.com","https://compustaff.myavionte.com/app/","pduchesneau@deloitte.ca","Music!123",""
"www.simbrief.com","https://www.simbrief.com/system/register.php","patrickd123","&T9wroPrlfr*T52w1Wru",""
"Doordash","https://identity.doordash.com","patrick_duchesneau_1@hotmail.com","",""
"www.bestbuyrewardzone.ca","https://www.bestbuyrewardzone.ca/","Pilotmontreal@gmail.com","music123",""
"www.allrecipes.com","https://www.allrecipes.com/account/signin/","patrick_duchesneau_1@hotmail.com","trLDR_wrURIt0br9Xoz&",""
"VPN ","https://cnn.ca.remotednet.deloitte.com","pduchesneau","Taratata!000",""
"login.mailchimp.com","https://login.mailchimp.com/signup/","patrick_duchesneau_1@hotmail.com","0r!t_!g3b98wisWoT&aW",""
"participant.24htremblant.com","https://participant.24htremblant.com/fr/user/login","pduchesneau@deloitte.ca","mUSIC!123",""
"www.clicsequrexpress.gouv.qc.ca","https://www.clicsequrexpress.gouv.qc.ca/CSX/G1/G1B/G1BA1_01A_PIU_AuthnEntrp_PC/IdentificationUtilisateurCSES.aspx","1147542097","4tMzY8Sj",""
"isarta.com","https://isarta.com/emplois/monprofil.php","patrick_duchesneau_1@hotmail.com","67iV2pL!hipow+u0riVl",""
"Brim","Brim","patrick_duchesneau_1@hotmail.com","Music!123",""
"www.clicsequr.gouv.qc.ca","https://www.clicsequr.gouv.qc.ca/sqag/flowResume.do","patrickd12345","Music!123",""
"www.reddit.com","https://www.reddit.com/login/","patrickd123","$ude1Isp5*oGis_Uw91G",""
"github.com","https://github.com/join","patrickd12345","Music!12321",""
"Manulife","https://portal.manulife.ca/apps/groupretirement/portal/member/home/","patrickd123","Music!12321",""
"login.norton.com","https://login.norton.com/sso/idp/SAML2","patrick_duchesneau_1@hotmail.com","Taratata!12321",""
"Scene","https://sceneplusb2c.b2clogin.com","patrick_duchesneau_1@hotmail.com","Music!123",""
"ifttt.com","https://ifttt.com/login","patrick_duchesneau_1@hotmail.com","music123",""
"www.ctfs.com","https://www.ctfs.com/authn_l1","patrickd123","Music!123",""
"Hubspaceconnect","https://accounts.hubspaceconnect.com","patrick_duchesneau_1@hotmail.com","Isatrick!123",""
"Roblox","https://roblox.com","patrick_duchesneau_1@hotmail.com","Music!123","
"
"signup.live.com","https://signup.live.com/signup","bookijisnd@hotmail.com","Bookiji!123",""
"www.netflix.com","https://www.netflix.com/ca-fr/login","patrick_duchesneau_1@hotmail.com","Isatrick!123",""
"Openweathermap","https://home.openweathermap.org/privacy/agreement","patrick_duchesneau_1@hotmail.com","Imstupid",""
"stockinvest.us","https://stockinvest.us/","patrick_duchesneau_1@hotmail.com","v#Ha7h#DRLk*",""
"www1.bmo.com","https://www1.bmo.com/banking/digital/login","5510 2901 0139 0770","Sarounette!123",""
"Viarail","https://reservia.viarail.ca/fr/booking/create/search","patrick_duchesneau_1@hotmail.com","Music!123",""
"output.com","https://output.com/account","patrick_duchesneau_1@hotmail.com","t*Lq$PR7?Po$HuduQ?gE",""
"Amazon","https://signin.aws.amazon.com/signin","patrick_duchesneau_1@hotmail.com","Taratata!12321",""
"identity.telus.com","https://identity.telus.com/clientIdentity/selfRegistration.do","patrick_duchesneau_1@hotmail.com","Music!123",""
"edition.cnn.com","https://edition.cnn.com/account/register","patrick_duchesneau_1@hotmail.com","RE!I_9rux_wR",""
"www.staples.ca","https://www.staples.ca/account/register","patrick_duchesneau_1@hotmail.com","J$9=2e2AWOMotup5+xIT",""
"runalyze.com","https://runalyze.com/register","patrickd123","2hI?4B@WlS@i!rutHa*h",""
"Finalsurge ","https://log.finalsurge.com","patrick_duchesneau_1@hotmail.com","Music!123",""
"Zendesk","https://flightsimulator.zendesk.com/hc/en-us","Patrick Duchesneau","Music!123",""
"www.hays.ca","https://www.hays.ca","patrick_duchesneau_1@hotmail.com","pO5U!@ClG9wObri",""
"www.pcoptimum.ca","https://www.pcoptimum.ca/login","patrick_duchesneau_1@hotmail.com","r&cH0vutlt_ahlci_3ap",""
"norton.ehosts.net","https://norton.ehosts.net/netagent/client/unified/mobilephone/naclient.aspx?LOGINNAME=Patrick+Duchesneau&PASSWORD=&QUEUE=2&SUBJECT=Following+up+on+previous+issue&EMAIL=patrick%5fduchesneau%5f1%40hotmail%2ecom&ENABLE_SEND_TRANSCRIPT=0&SENDCHATTRANSCRIPT=0&REFERER=https%3a%2f%2fsupport%2enorton%2ecom%2fsp%2fen%2fca%2fnorton%2didentity%2dsafe%2f2014%2e5%2e0%2e67%2fcontact%2dchat%2ddetails&ROUTEIDENT=english&PROACTIVEID=&SALESVALUE=&LEADTYPE=&ROUTETOAGENT=0&LangSelection=11&PUSHPAGELOCATION=0&CHATFRAMESIZE=275&UNIFIEDCLIENTTEMP=mobilephone&PORTALID=3DFE22A3%2d44AF%2d44CE%2d96F4%2dAA19323A9ECC&QUESTIONNAIREID=DA08D429%2d9A09%2d4431%2dBE92%2d95649596EC88&WEBCOLLABKEY=&COBROWSE_ENABLED=1&Last%5fName=Duchesneau&FONT%5fCHOICE=1&browserOS=iOS+14%2e3&familyid=f%2didentity%2dsafe&defaultStyleId=FF15F8DA%2d5604%2d496A%2d8C7B%2d1ED73AB2D330&Early%5fAdopter%5fProgram=0&Product%5fName=Norton+Identity+Safe&Product%5fVersion=2014%2e5%2e0%2e67&ct=ca&First%5fName=Patrick&pid=identity%2dsafe&lg=en&submitBtn=Start+Chat&Case%5fId=60372862&OriginalServiceLine=2","The app I am troubleshooting right now is Garnin","",""
"Ready2race","http://mebeatme.ready2race.run/auth","patrick_duchesneau_1@hotmail.com","Music!12345",""
"agropur.wd3.myworkdayjobs.com","https://agropur.wd3.myworkdayjobs.com/Agropur_Careers/login","patrick_duchesneau_1@hotmail.com","Music!123",""
"www.selfloadingcargo.com","https://www.selfloadingcargo.com/account/login","patrick_duchesneau_1@hotmail.com","_pLs343uWr4bEjiyewRu",""
"Weatherapi","https://www.weatherapi.com/my/","patrick_duchesneau_1@hotmail.com","imstupid",""
"soundbridge.io","https://soundbridge.io/","patrick_duchesneau_1@hotmail.com","SpusP@k*hiHu3r*5i-We",""
"www.rogers.com","https://www.rogers.com/web/totes/easylogin/signin","patrick.duchesneau.1@gmail.com","Ya9pu0ld1cHekLgaTHIp",""
"www.istockphoto.com","https://www.istockphoto.com/ca/sign-in","patrick_duchesneau_1@hotmail.com","3r1wIT&$?h1r",""
"careers.peopleclick.com","https://careers.peopleclick.com/careerscp/client_iata/external/en_US/registration.do","patrick_duchesneau_1@hotmail.com","Music!123",""
"Beneva","https://client.secure.beneva.ca/?goto=https%3A%2F%2Ffidc-alpha.secure.beneva.ca%3A443%2Fam%2Foauth2%2Fauthorize%3Fresponse_type%3Dcode%26client_id%3DbnvPortalClient%26state%3DbjRuYzJ1X0ZLTHRraV9QenRjUVBHMjVxZ35wN2VnSll5SG5wS0Z5VzFFWlJS%26redirect_uri%3Dhttps%3A%2F%2Fwwws.lacapitale.com%2Fforgerock-landing%26scope%3Dopenid%2520profile%26code_challenge%3Dyh-ZuX5iX9z1Rg6RfFzs19p70Jei0iRD04AxpNqjzP0%26code_challenge_method%3DS256%26nonce%3DbjRuYzJ1X0ZLTHRraV9QenRjUVBHMjVxZ35wN2VnSll5SG5wS0Z5VzFFWlJS#/","patrick_duchesneau_1@hotmail.com","Qodr?$A7r=s$uWE*TOML","Assurance Auto maison"
"cms-sgj.cra-arc.gc.ca","https://cms-sgj.cra-arc.gc.ca/gol-ged/awsc/cms/login","patrickd123","PilotePD",""
"mybell.bell.ca","https://mybell.bell.ca/Login","patrickd123","cL_oJl_7Sp$9",""
"realassetmgt.mavenlink.com","https://realassetmgt.mavenlink.com/login","patrick.duchesneau@domtar.com","Music123",""
"Canadapost-postescanada","https://www.canadapost-postescanada.ca/scp/fr/personnel.page","patrickd12345","Music!123",""
"Pledgereg","https://pledgereg.com","patrick_duchesneau_1@hotmail.com","",""
"sedsi-oliss.tpsgc-pwgsc.gc.ca","https://sedsi-oliss.tpsgc-pwgsc.gc.ca/index-fra.cfm","DPPB9PZ","bris9aW8o=5TimaQ@tra",""
"www.glassdoor.com","https://www.glassdoor.com/member/home/index.htm","patrick_duchesneau_1@hotmail.com","LZf/wNh-f%DKf9k",""
"telusidentity.telus.com","https://telusidentity.telus.com/as/authorization.oauth2","isabelle_fort10@hotmail.com","isatricK71",""
"www.bebee.com","https://www.bebee.com/join","patrick_duchesneau_1@hotmail.com","StoTozE2o#U!",""
"www.antarestech.com","https://www.antarestech.com/my-account/","patrick_duchesneau_1@hotmail.com","Music!123",""
"sporttracks.mobi","https://sporttracks.mobi/user","patrick_duchesneau_1@hotmail.com","Music123",""
"Sleepwatchapp","https://app.sleepwatchapp.com","patrick_duchesneau_1@hotmail.com","Music!123",""
"Indigoneo","https://indigoneo.ca","patrick_duchesneau_1@hotmail.com","",""
"www.essoextra.com","https://www.essoextra.com/pages/register_your_card.aspx","Patrick_duchesneau_1@hotmail.com","Music!12345",""
"Amazon","https://Amazon.ca","Sarah.elsa.fortier@gmail.com","SarahElsa!123",""
"Noom","https://www.noom.com","patrick_duchesneau_1@hotmail.com","Music!123",""
"myaccount.google.com","https://myaccount.google.com/u/2/signinoptions/password","familleduchesneaufortier@gmail.com","Isatrick!123",""
"www.karaoke-version.com","https://www.karaoke-version.com/my/index.html","pilotmontreal@gmail.com","Music!123",""
"www.expensify.com","https://www.expensify.com/signin","Patrick_duchesneau_1@hotmail.com","$oDrifUN2t81",""
"www.speedpass.ca","https://www.speedpass.ca/login","Patrick_duchesneau_1@hotmail.com","Music!12345",""
"secure2.store.apple.com","https://secure2.store.apple.com/ca/shop/sign_in","patrick_duchesneau_1@hotmail.com","Music!1234",""
